{
  "DEFAULT": {
    "idlebg": [0.1, 0.1, 0.1, 1.0],
    "idlefont": [1.0, 1.0, 1.0, 1.0],
    "focusbg": [0.4431, 0.4431, 0.4431, 1.0],
    "focusfont": [1.0, 1.0, 1.0, 1.0]
  },
  "PALETTE": {
    "idlebg": [0.521569, 0.368627, 0.27451, 1.0],
    "idlefont": [1.0, 1.0, 1.0, 1.0],
    "focusbg": [1.0, 0.858823, 0.741176, 1.0],
    "focusfont": [0.0, 0.0, 0.0, 1.0]
  },
  "TOX": {
    "idlebg": [0.521569, 0.368627, 0.27451, 1.0],
    "idlefont": [1.0, 1.0, 1.0, 1.0],
    "focusbg": [1.0, 0.858823, 0.741176, 1.0],
    "focusfont": [0.0, 0.0, 0.0, 1.0]
  },
  "PRESET": {
    "idlebg": [0.521569, 0.368627, 0.27451, 1.0],
    "idlefont": [1.0, 1.0, 1.0, 1.0],
    "focusbg": [1.0, 0.858823, 0.741176, 1.0],
    "focusfont": [0.0, 0.0, 0.0, 1.0]
  },
  "COMP": {
    "idlebg": [0.1, 0.1, 0.1, 1.0],
    "idlefont": [1.0, 1.0, 1.0, 1.0],
    "focusbg": [0.902, 0.902, 0.902, 1.0],
    "focusfont": [0.1, 0.1, 0.1, 1.0]
  },
  "TOP": {
    "idlebg": [0.34902, 0.309804, 0.482353, 1.0],
    "idlefont": [1.0, 1.0, 1.0, 1.0],
    "focusbg": [0.8353, 0.7882, 0.9804, 1.0],
    "focusfont": [0.0, 0.0, 0.0, 1.0]
  },
  "CHOP": {
    "idlebg": [0.368627, 0.521569, 0.27451, 1.0],
    "idlefont": [1.0, 1.0, 1.0, 1.0],
    "focusbg": [0.8588, 1.0, 0.7412, 1.0],
    "focusfont": [0.0, 0.0, 0.0, 1.0]
  },
  "SOP": {
    "idlebg": [0.270588, 0.45098, 0.623529, 1.0],
    "idlefont": [1.0, 1.0, 1.0, 1.0],
    "focusbg": [0.7373, 0.949, 1.0, 1.0],
    "focusfont": [0.0, 0.0, 0.0, 1.0]
  },
  "MAT": {
    "idlebg": [0.568627, 0.537255, 0.270588, 1.0],
    "idlefont": [1.0, 1.0, 1.0, 1.0],
    "focusbg": [1.0, 1.0, 0.7373, 1.0],
    "focusfont": [0.0, 0.0, 0.0, 1.0]
  },
  "DAT": {
    "idlebg": [0.529412, 0.341176, 0.47451, 1.0],
    "idlefont": [1.0, 1.0, 1.0, 1.0],
    "focusbg": [1.0, 0.8275, 0.9725, 1.0],
    "focusfont": [0.0, 0.0, 0.0, 1.0]
  },
  "OP": {
    "idlebg": [0.341176, 0.529412, 0.47451, 1.0],
    "idlefont": [1.0, 1.0, 1.0, 1.0],
    "focusbg": [0.6824, 1.0, 0.949, 1.0],
    "focusfont": [0.0, 0.0, 0.0, 1.0]
  },
  "COMMAND": {
    "idlebg": [0.211765, 0.278431, 0.415686, 1.0],
    "idlefont": [1.0, 1.0, 1.0, 1.0],
    "focusbg": [0.4235, 0.5569, 0.8314, 1.0],
    "focusfont": [0.0, 0.0, 0.0, 1.0]
  },
  "INLINE": {
    "idlebg": [0.0, 0.0, 0.0, 1.0],
    "idlefont": [1.0, 1.0, 1.0, 1.0],
    "focusbg": [0.2, 0.2, 0.2, 1.0],
    "focusfont": [1.0, 1.0, 1.0, 1.0]
  }
}
